{"cameraMode":{"drawMode":0,"name":"Shaded","section":"Shading Mode"},"sceneLighting":false,"audioPlay":false,"sceneViewState":{"showFog":true,"showMaterialUpdate":false,"showSkybox":false,"showFlares":true,"showImageEffects":true,"showParticleSystems":true},"in2DMode":false,"pivot":{"x":-1.6699999570846558,"y":1.940000057220459,"z":-3.0160000324249269},"rotation":{"x":-0.04644307121634483,"y":-0.04103410243988037,"z":0.001954140840098262,"w":-0.9980985522270203},"size":0.4242643415927887,"orthographic":false}