{"cameraMode":{"drawMode":0,"name":"Shaded","section":"Shading Mode"},"sceneLighting":false,"audioPlay":false,"sceneViewState":{"showFog":true,"showMaterialUpdate":false,"showSkybox":false,"showFlares":true,"showImageEffects":true,"showParticleSystems":true},"in2DMode":false,"pivot":{"x":-0.27300259470939639,"y":1.8629010915756226,"z":-2.739729404449463},"rotation":{"x":-0.004499670118093491,"y":0.013796215876936913,"z":0.00006191786815179512,"w":0.9998949766159058},"size":1.4431393146514893,"orthographic":false}